window_size,RMSE,
1,0.05324,
2,0.05336,
3,0.04888,
4,0.05197,
5,0.0551,
6,0.05886,
7,0.063,
8,0.06604,
9,0.06778,
10,0.06997,
11,0.07253,
